NAME	GS<br> follow link to MSigDB	GS DETAILS	SIZE	ES	NES	NOM p-val	FDR q-val	FWER p-val	RANK AT MAX	LEADING EDGE	
KEGG_THYROID_CANCER	KEGG_THYROID_CANCER	Details ...	27	0.7001673	1.7012379	0.0	0.13315731	0.126	2297	tags=41%, list=15%, signal=48%	
KEGG_ARACHIDONIC_ACID_METABOLISM	KEGG_ARACHIDONIC_ACID_METABOLISM	Details ...	34	0.67002004	1.6937857	0.002096436	0.07594364	0.141	1504	tags=35%, list=10%, signal=39%	
KEGG_LEUKOCYTE_TRANSENDOTHELIAL_MIGRATION	KEGG_LEUKOCYTE_TRANSENDOTHELIAL_MIGRATION	Details ...	100	0.6193573	1.6833917	0.001	0.06048988	0.165	2071	tags=38%, list=14%, signal=44%	
KEGG_ADHERENS_JUNCTION	KEGG_ADHERENS_JUNCTION	Details ...	71	0.6131331	1.6264312	0.0020181634	0.1149232	0.363	2066	tags=42%, list=14%, signal=49%	
KEGG_STEROID_BIOSYNTHESIS	KEGG_STEROID_BIOSYNTHESIS	Details ...	16	0.7098485	1.5952262	0.0066964286	0.13571775	0.488	1298	tags=44%, list=8%, signal=48%	
KEGG_PENTOSE_PHOSPHATE_PATHWAY	KEGG_PENTOSE_PHOSPHATE_PATHWAY	Details ...	22	0.6703593	1.595088	0.013978494	0.11309813	0.488	3510	tags=55%, list=23%, signal=71%	
KEGG_PROPANOATE_METABOLISM	KEGG_PROPANOATE_METABOLISM	Details ...	30	0.6334225	1.580475	0.008359456	0.11472598	0.544	4245	tags=67%, list=28%, signal=92%	
KEGG_MELANOMA	KEGG_MELANOMA	Details ...	62	0.60868394	1.5734751	0.002008032	0.1110098	0.588	2563	tags=39%, list=17%, signal=46%	
KEGG_STEROID_HORMONE_BIOSYNTHESIS	KEGG_STEROID_HORMONE_BIOSYNTHESIS	Details ...	28	0.6378098	1.5578463	0.010526316	0.11965143	0.649	4005	tags=50%, list=26%, signal=68%	
KEGG_FRUCTOSE_AND_MANNOSE_METABOLISM	KEGG_FRUCTOSE_AND_MANNOSE_METABOLISM	Details ...	32	0.62972736	1.5575635	0.012591816	0.10778374	0.649	873	tags=19%, list=6%, signal=20%	
KEGG_BLADDER_CANCER	KEGG_BLADDER_CANCER	Details ...	37	0.612685	1.5518129	0.009345794	0.10645604	0.682	2125	tags=38%, list=14%, signal=44%	
KEGG_VIBRIO_CHOLERAE_INFECTION	KEGG_VIBRIO_CHOLERAE_INFECTION	Details ...	47	0.5990916	1.5426418	0.008130081	0.1088131	0.719	2331	tags=32%, list=15%, signal=38%	
KEGG_TIGHT_JUNCTION	KEGG_TIGHT_JUNCTION	Details ...	120	0.56892586	1.5370073	0.0	0.107042454	0.738	3047	tags=37%, list=20%, signal=45%	
KEGG_VALINE_LEUCINE_AND_ISOLEUCINE_DEGRADATION	KEGG_VALINE_LEUCINE_AND_ISOLEUCINE_DEGRADATION	Details ...	40	0.6083127	1.5362668	0.012282497	0.10059882	0.745	2891	tags=55%, list=19%, signal=68%	
KEGG_LEISHMANIA_INFECTION	KEGG_LEISHMANIA_INFECTION	Details ...	45	0.59410876	1.5258608	0.006134969	0.10593551	0.786	4790	tags=64%, list=31%, signal=94%	
KEGG_RIBOSOME	KEGG_RIBOSOME	Details ...	81	0.5685409	1.5165893	0.001002004	0.11080865	0.819	5705	tags=85%, list=37%, signal=135%	
KEGG_LYSOSOME	KEGG_LYSOSOME	Details ...	106	0.56467646	1.5135368	0.0	0.10736573	0.827	4493	tags=58%, list=29%, signal=82%	
KEGG_CELL_ADHESION_MOLECULES_CAMS	KEGG_CELL_ADHESION_MOLECULES_CAMS	Details ...	96	0.5598472	1.5039438	0.0	0.11206264	0.85	2306	tags=31%, list=15%, signal=37%	
KEGG_GLYCOSAMINOGLYCAN_DEGRADATION	KEGG_GLYCOSAMINOGLYCAN_DEGRADATION	Details ...	19	0.6439161	1.5038813	0.041340783	0.10626889	0.851	2745	tags=47%, list=18%, signal=58%	
KEGG_ANTIGEN_PROCESSING_AND_PRESENTATION	KEGG_ANTIGEN_PROCESSING_AND_PRESENTATION	Details ...	32	0.5974879	1.4963572	0.025157232	0.108451895	0.866	1735	tags=34%, list=11%, signal=39%	
KEGG_SELENOAMINO_ACID_METABOLISM	KEGG_SELENOAMINO_ACID_METABOLISM		20	0.63863087	1.4963067	0.0349345	0.10328752	0.866	2052	tags=45%, list=13%, signal=52%	
KEGG_DRUG_METABOLISM_OTHER_ENZYMES	KEGG_DRUG_METABOLISM_OTHER_ENZYMES		21	0.6288104	1.4950007	0.0330033	0.09999226	0.869	2745	tags=48%, list=18%, signal=58%	
KEGG_O_GLYCAN_BIOSYNTHESIS	KEGG_O_GLYCAN_BIOSYNTHESIS		23	0.624842	1.489969	0.03125	0.10084211	0.883	2080	tags=39%, list=14%, signal=45%	
KEGG_TOLL_LIKE_RECEPTOR_SIGNALING_PATHWAY	KEGG_TOLL_LIKE_RECEPTOR_SIGNALING_PATHWAY		74	0.55662847	1.4844155	0.011055277	0.10157338	0.898	4826	tags=66%, list=32%, signal=96%	
KEGG_GLUTATHIONE_METABOLISM	KEGG_GLUTATHIONE_METABOLISM		34	0.59592074	1.4794145	0.015368853	0.1024806	0.903	4248	tags=59%, list=28%, signal=81%	
KEGG_TASTE_TRANSDUCTION	KEGG_TASTE_TRANSDUCTION		24	0.6142199	1.4673883	0.038751345	0.11126451	0.927	1540	tags=29%, list=10%, signal=32%	
KEGG_ABC_TRANSPORTERS	KEGG_ABC_TRANSPORTERS		38	0.56875217	1.4613312	0.019730011	0.11409398	0.936	1826	tags=26%, list=12%, signal=30%	
KEGG_COMPLEMENT_AND_COAGULATION_CASCADES	KEGG_COMPLEMENT_AND_COAGULATION_CASCADES		43	0.5705752	1.4586837	0.017364658	0.11298596	0.941	3615	tags=49%, list=24%, signal=64%	
KEGG_PROSTATE_CANCER	KEGG_PROSTATE_CANCER		83	0.546386	1.4584314	0.006012024	0.109604605	0.942	2623	tags=39%, list=17%, signal=46%	
KEGG_DILATED_CARDIOMYOPATHY	KEGG_DILATED_CARDIOMYOPATHY		74	0.54870194	1.4506806	0.0050352467	0.11485971	0.951	3861	tags=46%, list=25%, signal=61%	
KEGG_APOPTOSIS	KEGG_APOPTOSIS		78	0.54497254	1.4478005	0.012012012	0.114564024	0.961	4727	tags=53%, list=31%, signal=76%	
KEGG_ENDOMETRIAL_CANCER	KEGG_ENDOMETRIAL_CANCER		50	0.5537892	1.4460136	0.024390243	0.11274357	0.962	2125	tags=32%, list=14%, signal=37%	
KEGG_N_GLYCAN_BIOSYNTHESIS	KEGG_N_GLYCAN_BIOSYNTHESIS		42	0.56882197	1.445581	0.01928934	0.10974693	0.962	4688	tags=57%, list=31%, signal=82%	
KEGG_FOCAL_ADHESION	KEGG_FOCAL_ADHESION		184	0.520867	1.427927	0.001	0.12640652	0.985	5195	tags=57%, list=34%, signal=85%	
KEGG_HEMATOPOIETIC_CELL_LINEAGE	KEGG_HEMATOPOIETIC_CELL_LINEAGE		58	0.54478556	1.4248766	0.02016129	0.12653904	0.987	4818	tags=59%, list=31%, signal=85%	
KEGG_EPITHELIAL_CELL_SIGNALING_IN_HELICOBACTER_PYLORI_INFECTION	KEGG_EPITHELIAL_CELL_SIGNALING_IN_HELICOBACTER_PYLORI_INFECTION		62	0.5423417	1.4226184	0.019250253	0.12549618	0.988	2331	tags=32%, list=15%, signal=38%	
KEGG_ECM_RECEPTOR_INTERACTION	KEGG_ECM_RECEPTOR_INTERACTION		71	0.53588027	1.4191912	0.018090453	0.12610905	0.991	5320	tags=62%, list=35%, signal=95%	
KEGG_GNRH_SIGNALING_PATHWAY	KEGG_GNRH_SIGNALING_PATHWAY		79	0.5321348	1.4180663	0.010090818	0.12421981	0.992	4777	tags=54%, list=31%, signal=79%	
KEGG_PATHWAYS_IN_CANCER	KEGG_PATHWAYS_IN_CANCER		298	0.51433533	1.4175498	0.0	0.12166668	0.992	2844	tags=33%, list=19%, signal=39%	
KEGG_RIG_I_LIKE_RECEPTOR_SIGNALING_PATHWAY	KEGG_RIG_I_LIKE_RECEPTOR_SIGNALING_PATHWAY		47	0.54609454	1.4133352	0.029652352	0.124030456	0.992	1921	tags=34%, list=13%, signal=39%	
KEGG_CYSTEINE_AND_METHIONINE_METABOLISM	KEGG_CYSTEINE_AND_METHIONINE_METABOLISM		30	0.5703998	1.4100103	0.053403143	0.124878205	0.993	1436	tags=30%, list=9%, signal=33%	
KEGG_ALDOSTERONE_REGULATED_SODIUM_REABSORPTION	KEGG_ALDOSTERONE_REGULATED_SODIUM_REABSORPTION		36	0.55755126	1.4081879	0.04054054	0.12357224	0.995	4748	tags=50%, list=31%, signal=72%	
KEGG_ARRHYTHMOGENIC_RIGHT_VENTRICULAR_CARDIOMYOPATHY_ARVC	KEGG_ARRHYTHMOGENIC_RIGHT_VENTRICULAR_CARDIOMYOPATHY_ARVC		66	0.5381832	1.4070884	0.012048192	0.121825695	0.995	3861	tags=45%, list=25%, signal=61%	
KEGG_VASCULAR_SMOOTH_MUSCLE_CONTRACTION	KEGG_VASCULAR_SMOOTH_MUSCLE_CONTRACTION		89	0.5265081	1.4067204	0.011011011	0.1193954	0.995	5094	tags=55%, list=33%, signal=82%	
KEGG_BUTANOATE_METABOLISM	KEGG_BUTANOATE_METABOLISM		24	0.5782871	1.398302	0.06189968	0.12587522	1.0	2891	tags=42%, list=19%, signal=51%	
KEGG_SMALL_CELL_LUNG_CANCER	KEGG_SMALL_CELL_LUNG_CANCER		79	0.5219837	1.3944732	0.016048145	0.12829606	1.0	4624	tags=52%, list=30%, signal=74%	
KEGG_BIOSYNTHESIS_OF_UNSATURATED_FATTY_ACIDS	KEGG_BIOSYNTHESIS_OF_UNSATURATED_FATTY_ACIDS		19	0.5933449	1.3932141	0.07338445	0.12716074	1.0	4025	tags=53%, list=26%, signal=71%	
KEGG_REGULATION_OF_ACTIN_CYTOSKELETON	KEGG_REGULATION_OF_ACTIN_CYTOSKELETON		191	0.50906247	1.3931298	0.002	0.12465565	1.0	4819	tags=53%, list=32%, signal=77%	
KEGG_STARCH_AND_SUCROSE_METABOLISM	KEGG_STARCH_AND_SUCROSE_METABOLISM		28	0.55913323	1.3890756	0.07045215	0.12668677	1.0	2745	tags=29%, list=18%, signal=35%	
KEGG_DRUG_METABOLISM_CYTOCHROME_P450	KEGG_DRUG_METABOLISM_CYTOCHROME_P450		24	0.56542915	1.3853226	0.08025343	0.12857644	1.0	5046	tags=54%, list=33%, signal=81%	
KEGG_MELANOGENESIS	KEGG_MELANOGENESIS		90	0.51071185	1.3760557	0.016032064	0.13682337	1.0	3887	tags=42%, list=25%, signal=56%	
KEGG_HEDGEHOG_SIGNALING_PATHWAY	KEGG_HEDGEHOG_SIGNALING_PATHWAY		47	0.5341953	1.3735571	0.04517454	0.1372178	1.0	1871	tags=26%, list=12%, signal=29%	
KEGG_HYPERTROPHIC_CARDIOMYOPATHY_HCM	KEGG_HYPERTROPHIC_CARDIOMYOPATHY_HCM		70	0.5208758	1.3701012	0.024169184	0.1380148	1.0	3861	tags=43%, list=25%, signal=57%	
KEGG_GLYCOSYLPHOSPHATIDYLINOSITOL_GPI_ANCHOR_BIOSYNTHESIS	KEGG_GLYCOSYLPHOSPHATIDYLINOSITOL_GPI_ANCHOR_BIOSYNTHESIS		24	0.567773	1.3655331	0.081914894	0.14084098	1.0	5660	tags=71%, list=37%, signal=112%	
KEGG_SPHINGOLIPID_METABOLISM	KEGG_SPHINGOLIPID_METABOLISM		36	0.53701574	1.3631114	0.07859359	0.14122202	1.0	2625	tags=31%, list=17%, signal=37%	
KEGG_TGF_BETA_SIGNALING_PATHWAY	KEGG_TGF_BETA_SIGNALING_PATHWAY		75	0.50625783	1.358106	0.034274194	0.14538833	1.0	3689	tags=40%, list=24%, signal=52%	
KEGG_GAP_JUNCTION	KEGG_GAP_JUNCTION		74	0.5143279	1.3572472	0.031155778	0.14410217	1.0	3400	tags=39%, list=22%, signal=50%	
KEGG_NOD_LIKE_RECEPTOR_SIGNALING_PATHWAY	KEGG_NOD_LIKE_RECEPTOR_SIGNALING_PATHWAY		44	0.52471644	1.3555616	0.06481481	0.14381564	1.0	5533	tags=64%, list=36%, signal=99%	
KEGG_LONG_TERM_POTENTIATION	KEGG_LONG_TERM_POTENTIATION		65	0.51459026	1.3540659	0.044444446	0.14338882	1.0	3806	tags=40%, list=25%, signal=53%	
KEGG_INSULIN_SIGNALING_PATHWAY	KEGG_INSULIN_SIGNALING_PATHWAY		125	0.5034852	1.3503726	0.006	0.14560826	1.0	4777	tags=46%, list=31%, signal=66%	
KEGG_VASOPRESSIN_REGULATED_WATER_REABSORPTION	KEGG_VASOPRESSIN_REGULATED_WATER_REABSORPTION		39	0.5292755	1.3500532	0.073068894	0.14348052	1.0	3503	tags=44%, list=23%, signal=56%	
KEGG_DORSO_VENTRAL_AXIS_FORMATION	KEGG_DORSO_VENTRAL_AXIS_FORMATION		22	0.56908274	1.3475596	0.09330406	0.14424945	1.0	3899	tags=41%, list=25%, signal=55%	
KEGG_COLORECTAL_CANCER	KEGG_COLORECTAL_CANCER		58	0.5100211	1.3381468	0.045500506	0.1540552	1.0	3491	tags=38%, list=23%, signal=49%	
KEGG_LYSINE_DEGRADATION	KEGG_LYSINE_DEGRADATION		41	0.5112526	1.3302282	0.0797546	0.1618218	1.0	5208	tags=59%, list=34%, signal=89%	
KEGG_CYTOSOLIC_DNA_SENSING_PATHWAY	KEGG_CYTOSOLIC_DNA_SENSING_PATHWAY		35	0.52601576	1.3253145	0.103125	0.16576317	1.0	3553	tags=43%, list=23%, signal=56%	
KEGG_WNT_SIGNALING_PATHWAY	KEGG_WNT_SIGNALING_PATHWAY		134	0.48180762	1.3247179	0.016016016	0.16414922	1.0	3851	tags=40%, list=25%, signal=52%	
KEGG_FATTY_ACID_METABOLISM	KEGG_FATTY_ACID_METABOLISM		33	0.5360026	1.3228322	0.08568443	0.164279	1.0	4025	tags=52%, list=26%, signal=70%	
KEGG_JAK_STAT_SIGNALING_PATHWAY	KEGG_JAK_STAT_SIGNALING_PATHWAY		106	0.48576364	1.3194642	0.0250501	0.16627106	1.0	4795	tags=50%, list=31%, signal=72%	
KEGG_PRION_DISEASES	KEGG_PRION_DISEASES		28	0.5360589	1.3185182	0.09893617	0.16527842	1.0	4833	tags=57%, list=32%, signal=83%	
KEGG_NEUROTROPHIN_SIGNALING_PATHWAY	KEGG_NEUROTROPHIN_SIGNALING_PATHWAY		119	0.48432243	1.3183737	0.02	0.16311473	1.0	3568	tags=38%, list=23%, signal=49%	
KEGG_MAPK_SIGNALING_PATHWAY	KEGG_MAPK_SIGNALING_PATHWAY		226	0.47719607	1.3081154	0.002	0.17520516	1.0	4814	tags=46%, list=31%, signal=67%	
KEGG_GLYCOLYSIS_GLUCONEOGENESIS	KEGG_GLYCOLYSIS_GLUCONEOGENESIS		48	0.49852407	1.3069193	0.09680741	0.17428045	1.0	1900	tags=23%, list=12%, signal=26%	
KEGG_CITRATE_CYCLE_TCA_CYCLE	KEGG_CITRATE_CYCLE_TCA_CYCLE		28	0.5326927	1.3017393	0.12604167	0.17937782	1.0	5822	tags=71%, list=38%, signal=115%	
KEGG_VIRAL_MYOCARDITIS	KEGG_VIRAL_MYOCARDITIS		46	0.4974023	1.2956425	0.10306122	0.18530789	1.0	3783	tags=43%, list=25%, signal=58%	
KEGG_PANCREATIC_CANCER	KEGG_PANCREATIC_CANCER		67	0.4928843	1.2951992	0.06653226	0.18346807	1.0	4790	tags=49%, list=31%, signal=71%	
KEGG_PATHOGENIC_ESCHERICHIA_COLI_INFECTION	KEGG_PATHOGENIC_ESCHERICHIA_COLI_INFECTION		48	0.50368553	1.2941688	0.09314227	0.18253683	1.0	1236	tags=23%, list=8%, signal=25%	
KEGG_PROTEIN_EXPORT	KEGG_PROTEIN_EXPORT		21	0.5429399	1.284426	0.15679824	0.19431478	1.0	3728	tags=43%, list=24%, signal=57%	
KEGG_NOTCH_SIGNALING_PATHWAY	KEGG_NOTCH_SIGNALING_PATHWAY		45	0.4973323	1.2825971	0.10306122	0.19469474	1.0	4728	tags=47%, list=31%, signal=67%	
KEGG_CHEMOKINE_SIGNALING_PATHWAY	KEGG_CHEMOKINE_SIGNALING_PATHWAY		142	0.47041115	1.278368	0.029	0.19853346	1.0	4826	tags=51%, list=32%, signal=73%	
KEGG_RENAL_CELL_CARCINOMA	KEGG_RENAL_CELL_CARCINOMA		68	0.47990888	1.2778476	0.08752515	0.19681658	1.0	5156	tags=53%, list=34%, signal=80%	
KEGG_AMINO_SUGAR_AND_NUCLEOTIDE_SUGAR_METABOLISM	KEGG_AMINO_SUGAR_AND_NUCLEOTIDE_SUGAR_METABOLISM		40	0.50548023	1.2764829	0.12190083	0.19638392	1.0	4603	tags=43%, list=30%, signal=61%	
KEGG_GLYCOSAMINOGLYCAN_BIOSYNTHESIS_HEPARAN_SULFATE	KEGG_GLYCOSAMINOGLYCAN_BIOSYNTHESIS_HEPARAN_SULFATE		24	0.5250623	1.2748264	0.15913978	0.19651796	1.0	3383	tags=38%, list=22%, signal=48%	
KEGG_LONG_TERM_DEPRESSION	KEGG_LONG_TERM_DEPRESSION		58	0.48807356	1.2712823	0.09979839	0.19964573	1.0	4809	tags=47%, list=31%, signal=68%	
KEGG_AXON_GUIDANCE	KEGG_AXON_GUIDANCE		121	0.46534672	1.2605013	0.055055056	0.21367605	1.0	4927	tags=49%, list=32%, signal=71%	
KEGG_B_CELL_RECEPTOR_SIGNALING_PATHWAY	KEGG_B_CELL_RECEPTOR_SIGNALING_PATHWAY		65	0.47598106	1.2595751	0.09494949	0.21242514	1.0	4887	tags=46%, list=32%, signal=68%	
KEGG_NATURAL_KILLER_CELL_MEDIATED_CYTOTOXICITY	KEGG_NATURAL_KILLER_CELL_MEDIATED_CYTOTOXICITY		79	0.47412255	1.2572175	0.08761329	0.21321441	1.0	4893	tags=48%, list=32%, signal=70%	
KEGG_PHOSPHATIDYLINOSITOL_SIGNALING_SYSTEM	KEGG_PHOSPHATIDYLINOSITOL_SIGNALING_SYSTEM		69	0.47480837	1.2545877	0.09054326	0.21496728	1.0	4584	tags=41%, list=30%, signal=58%	
KEGG_PEROXISOME	KEGG_PEROXISOME		68	0.47598743	1.2517942	0.10240964	0.21685475	1.0	4068	tags=40%, list=27%, signal=54%	
KEGG_CHRONIC_MYELOID_LEUKEMIA	KEGG_CHRONIC_MYELOID_LEUKEMIA		70	0.46686628	1.2379849	0.12361809	0.23661597	1.0	4777	tags=51%, list=31%, signal=74%	
KEGG_BASAL_CELL_CARCINOMA	KEGG_BASAL_CELL_CARCINOMA		49	0.47749555	1.2361755	0.13415892	0.23702621	1.0	1712	tags=24%, list=11%, signal=27%	
KEGG_FC_GAMMA_R_MEDIATED_PHAGOCYTOSIS	KEGG_FC_GAMMA_R_MEDIATED_PHAGOCYTOSIS		91	0.46218547	1.228001	0.10943775	0.24786608	1.0	4819	tags=43%, list=32%, signal=62%	
KEGG_INOSITOL_PHOSPHATE_METABOLISM	KEGG_INOSITOL_PHOSPHATE_METABOLISM		52	0.47206983	1.2265164	0.14954221	0.2476957	1.0	4668	tags=44%, list=31%, signal=63%	
KEGG_BETA_ALANINE_METABOLISM	KEGG_BETA_ALANINE_METABOLISM		20	0.51230526	1.2245889	0.20021881	0.24867433	1.0	2891	tags=35%, list=19%, signal=43%	
KEGG_RETINOL_METABOLISM	KEGG_RETINOL_METABOLISM		23	0.51335907	1.2241133	0.18971062	0.24697319	1.0	1939	tags=26%, list=13%, signal=30%	
KEGG_GLYCOSPHINGOLIPID_BIOSYNTHESIS_LACTO_AND_NEOLACTO_SERIES	KEGG_GLYCOSPHINGOLIPID_BIOSYNTHESIS_LACTO_AND_NEOLACTO_SERIES		20	0.51419795	1.220829	0.23227917	0.24986514	1.0	4607	tags=60%, list=30%, signal=86%	
KEGG_ENDOCYTOSIS	KEGG_ENDOCYTOSIS		158	0.4381474	1.2081711	0.069	0.2693972	1.0	4658	tags=42%, list=30%, signal=60%	
KEGG_CALCIUM_SIGNALING_PATHWAY	KEGG_CALCIUM_SIGNALING_PATHWAY		158	0.4351627	1.1927439	0.069	0.29615283	1.0	3929	tags=32%, list=26%, signal=43%	
KEGG_NON_SMALL_CELL_LUNG_CANCER	KEGG_NON_SMALL_CELL_LUNG_CANCER		52	0.45109996	1.1752591	0.22345804	0.3274732	1.0	4777	tags=46%, list=31%, signal=67%	
KEGG_P53_SIGNALING_PATHWAY	KEGG_P53_SIGNALING_PATHWAY		60	0.44568494	1.1680932	0.22479838	0.33915493	1.0	3583	tags=35%, list=23%, signal=46%	
KEGG_ONE_CARBON_POOL_BY_FOLATE	KEGG_ONE_CARBON_POOL_BY_FOLATE		17	0.50771517	1.1672919	0.2978959	0.33748212	1.0	4131	tags=47%, list=27%, signal=64%	
KEGG_CYTOKINE_CYTOKINE_RECEPTOR_INTERACTION	KEGG_CYTOKINE_CYTOKINE_RECEPTOR_INTERACTION		159	0.431991	1.1668974	0.106	0.33494398	1.0	4826	tags=45%, list=32%, signal=65%	
KEGG_CARDIAC_MUSCLE_CONTRACTION	KEGG_CARDIAC_MUSCLE_CONTRACTION		51	0.45590022	1.1653849	0.2247191	0.33484432	1.0	2649	tags=25%, list=17%, signal=31%	
KEGG_METABOLISM_OF_XENOBIOTICS_BY_CYTOCHROME_P450	KEGG_METABOLISM_OF_XENOBIOTICS_BY_CYTOCHROME_P450		25	0.48254472	1.1622434	0.29773462	0.3380371	1.0	4248	tags=40%, list=28%, signal=55%	
KEGG_ADIPOCYTOKINE_SIGNALING_PATHWAY	KEGG_ADIPOCYTOKINE_SIGNALING_PATHWAY		61	0.4365139	1.1499327	0.23862487	0.3611186	1.0	4410	tags=41%, list=29%, signal=57%	
KEGG_GLIOMA	KEGG_GLIOMA		60	0.4413334	1.1457318	0.25835866	0.3668008	1.0	4777	tags=47%, list=31%, signal=68%	
KEGG_GLYCOSAMINOGLYCAN_BIOSYNTHESIS_CHONDROITIN_SULFATE	KEGG_GLYCOSAMINOGLYCAN_BIOSYNTHESIS_CHONDROITIN_SULFATE		20	0.48668957	1.1456583	0.28726876	0.3634614	1.0	5416	tags=60%, list=35%, signal=93%	
KEGG_MTOR_SIGNALING_PATHWAY	KEGG_MTOR_SIGNALING_PATHWAY		48	0.43999055	1.1420329	0.25357872	0.36795786	1.0	2179	tags=25%, list=14%, signal=29%	
KEGG_ACUTE_MYELOID_LEUKEMIA	KEGG_ACUTE_MYELOID_LEUKEMIA		54	0.43819547	1.1358098	0.26814517	0.37806153	1.0	2685	tags=33%, list=18%, signal=40%	
KEGG_TYPE_II_DIABETES_MELLITUS	KEGG_TYPE_II_DIABETES_MELLITUS		41	0.44347036	1.1259602	0.31627432	0.39631292	1.0	6292	tags=59%, list=41%, signal=99%	
KEGG_PORPHYRIN_AND_CHLOROPHYLL_METABOLISM	KEGG_PORPHYRIN_AND_CHLOROPHYLL_METABOLISM		22	0.47293586	1.122282	0.33841133	0.40112144	1.0	4227	tags=41%, list=28%, signal=56%	
KEGG_T_CELL_RECEPTOR_SIGNALING_PATHWAY	KEGG_T_CELL_RECEPTOR_SIGNALING_PATHWAY		93	0.41444275	1.1182029	0.258	0.4067386	1.0	5477	tags=49%, list=36%, signal=77%	
KEGG_ETHER_LIPID_METABOLISM	KEGG_ETHER_LIPID_METABOLISM		23	0.46450856	1.1147795	0.33982685	0.41071913	1.0	2224	tags=22%, list=15%, signal=25%	
KEGG_PPAR_SIGNALING_PATHWAY	KEGG_PPAR_SIGNALING_PATHWAY		58	0.4217345	1.102308	0.3485309	0.43481293	1.0	3350	tags=28%, list=22%, signal=35%	
KEGG_ERBB_SIGNALING_PATHWAY	KEGG_ERBB_SIGNALING_PATHWAY		84	0.40685135	1.0974329	0.32397193	0.44221348	1.0	5722	tags=51%, list=37%, signal=81%	
KEGG_FC_EPSILON_RI_SIGNALING_PATHWAY	KEGG_FC_EPSILON_RI_SIGNALING_PATHWAY		63	0.41458046	1.0929006	0.32694247	0.4486206	1.0	4893	tags=41%, list=32%, signal=60%	
KEGG_PRIMARY_IMMUNODEFICIENCY	KEGG_PRIMARY_IMMUNODEFICIENCY		26	0.44566336	1.0840452	0.3726977	0.4644519	1.0	3026	tags=31%, list=20%, signal=38%	
KEGG_TYPE_I_DIABETES_MELLITUS	KEGG_TYPE_I_DIABETES_MELLITUS		15	0.48571712	1.0803821	0.39356986	0.4690325	1.0	4015	tags=40%, list=26%, signal=54%	
KEGG_PROXIMAL_TUBULE_BICARBONATE_RECLAMATION	KEGG_PROXIMAL_TUBULE_BICARBONATE_RECLAMATION		20	0.4563454	1.0543957	0.4180418	0.5266207	1.0	1526	tags=20%, list=10%, signal=22%	
KEGG_AMYOTROPHIC_LATERAL_SCLEROSIS_ALS	KEGG_AMYOTROPHIC_LATERAL_SCLEROSIS_ALS		51	0.3989383	1.0495578	0.41319796	0.5341129	1.0	1531	tags=22%, list=10%, signal=24%	
KEGG_GLYCEROLIPID_METABOLISM	KEGG_GLYCEROLIPID_METABOLISM		40	0.4099445	1.0487268	0.42505133	0.53171754	1.0	1810	tags=15%, list=12%, signal=17%	
KEGG_GLYCEROPHOSPHOLIPID_METABOLISM	KEGG_GLYCEROPHOSPHOLIPID_METABOLISM		61	0.3958917	1.0334295	0.44410568	0.56153893	1.0	2224	tags=20%, list=15%, signal=23%	
KEGG_VEGF_SIGNALING_PATHWAY	KEGG_VEGF_SIGNALING_PATHWAY		64	0.39286104	1.0228261	0.46720484	0.58134586	1.0	1897	tags=20%, list=12%, signal=23%	
KEGG_PYRUVATE_METABOLISM	KEGG_PYRUVATE_METABOLISM		36	0.4044692	1.0157409	0.4979296	0.5927383	1.0	3944	tags=36%, list=26%, signal=49%	
KEGG_PROGESTERONE_MEDIATED_OOCYTE_MATURATION	KEGG_PROGESTERONE_MEDIATED_OOCYTE_MATURATION		77	0.37798786	1.0082961	0.49599198	0.6053806	1.0	4764	tags=39%, list=31%, signal=56%	
KEGG_ALZHEIMERS_DISEASE	KEGG_ALZHEIMERS_DISEASE		136	0.37083825	1.0065441	0.489	0.6048357	1.0	4748	tags=34%, list=31%, signal=49%	
KEGG_SNARE_INTERACTIONS_IN_VESICULAR_TRANSPORT	KEGG_SNARE_INTERACTIONS_IN_VESICULAR_TRANSPORT		38	0.3896192	0.99182874	0.51244813	0.6332112	1.0	5594	tags=53%, list=37%, signal=83%	
KEGG_TYROSINE_METABOLISM	KEGG_TYROSINE_METABOLISM		28	0.39818203	0.9796709	0.5276008	0.65584475	1.0	5046	tags=36%, list=33%, signal=53%	
KEGG_GLYCINE_SERINE_AND_THREONINE_METABOLISM	KEGG_GLYCINE_SERINE_AND_THREONINE_METABOLISM		26	0.38509893	0.95034987	0.5714286	0.7152949	1.0	2645	tags=27%, list=17%, signal=32%	
KEGG_OOCYTE_MEIOSIS	KEGG_OOCYTE_MEIOSIS		103	0.349802	0.9381429	0.64	0.73575675	1.0	3806	tags=28%, list=25%, signal=37%	
KEGG_GALACTOSE_METABOLISM	KEGG_GALACTOSE_METABOLISM		22	0.38638744	0.9195642	0.59371614	0.766846	1.0	348	tags=9%, list=2%, signal=9%	
KEGG_HUNTINGTONS_DISEASE	KEGG_HUNTINGTONS_DISEASE		156	0.3354857	0.90952104	0.748	0.78075093	1.0	4054	tags=26%, list=27%, signal=35%	
KEGG_REGULATION_OF_AUTOPHAGY	KEGG_REGULATION_OF_AUTOPHAGY		22	0.37943408	0.90121293	0.6421725	0.79091793	1.0	3123	tags=27%, list=20%, signal=34%	
KEGG_NICOTINATE_AND_NICOTINAMIDE_METABOLISM	KEGG_NICOTINATE_AND_NICOTINAMIDE_METABOLISM		23	0.3635876	0.88228214	0.66630554	0.8190011	1.0	899	tags=13%, list=6%, signal=14%	
KEGG_BASAL_TRANSCRIPTION_FACTORS	KEGG_BASAL_TRANSCRIPTION_FACTORS		29	0.35788962	0.8814574	0.67014617	0.8142942	1.0	3427	tags=28%, list=22%, signal=35%	
KEGG_TRYPTOPHAN_METABOLISM	KEGG_TRYPTOPHAN_METABOLISM		34	0.3535643	0.881353	0.6923077	0.8084299	1.0	2891	tags=26%, list=19%, signal=33%	
KEGG_NEUROACTIVE_LIGAND_RECEPTOR_INTERACTION	KEGG_NEUROACTIVE_LIGAND_RECEPTOR_INTERACTION		189	0.31649703	0.8639359	0.86	0.83219135	1.0	2541	tags=16%, list=17%, signal=19%	
KEGG_OXIDATIVE_PHOSPHORYLATION	KEGG_OXIDATIVE_PHOSPHORYLATION		97	0.3192745	0.86149853	0.77867204	0.8299424	1.0	4040	tags=23%, list=26%, signal=31%	
KEGG_BASE_EXCISION_REPAIR	KEGG_BASE_EXCISION_REPAIR		32	0.32700118	0.8115683	0.76409185	0.8979438	1.0	3224	tags=25%, list=21%, signal=32%	
KEGG_PURINE_METABOLISM	KEGG_PURINE_METABOLISM		139	0.2994471	0.8093919	0.9089089	0.8944519	1.0	4128	tags=26%, list=27%, signal=35%	
KEGG_MATURITY_ONSET_DIABETES_OF_THE_YOUNG	KEGG_MATURITY_ONSET_DIABETES_OF_THE_YOUNG		16	0.3526714	0.8056086	0.73416287	0.89288336	1.0	4603	tags=38%, list=30%, signal=54%	
KEGG_HISTIDINE_METABOLISM	KEGG_HISTIDINE_METABOLISM		21	0.33559468	0.78515303	0.7870472	0.91057354	1.0	1756	tags=14%, list=11%, signal=16%	
KEGG_UBIQUITIN_MEDIATED_PROTEOLYSIS	KEGG_UBIQUITIN_MEDIATED_PROTEOLYSIS		129	0.2740105	0.74792695	0.948	0.943333	1.0	4952	tags=30%, list=32%, signal=44%	
KEGG_CELL_CYCLE	KEGG_CELL_CYCLE		120	0.27698413	0.74722195	0.9319319	0.937344	1.0	2094	tags=14%, list=14%, signal=16%	
KEGG_AMINOACYL_TRNA_BIOSYNTHESIS	KEGG_AMINOACYL_TRNA_BIOSYNTHESIS		41	0.27443972	0.71143794	0.8669396	0.9621361	1.0	3720	tags=24%, list=24%, signal=32%	
KEGG_SYSTEMIC_LUPUS_ERYTHEMATOSUS	KEGG_SYSTEMIC_LUPUS_ERYTHEMATOSUS		82	0.2628201	0.7049286	0.9309309	0.9601603	1.0	3757	tags=21%, list=25%, signal=27%	
KEGG_INTESTINAL_IMMUNE_NETWORK_FOR_IGA_PRODUCTION	KEGG_INTESTINAL_IMMUNE_NETWORK_FOR_IGA_PRODUCTION		24	0.2835118	0.68567413	0.87100214	0.96715087	1.0	5789	tags=58%, list=38%, signal=94%	
KEGG_ARGININE_AND_PROLINE_METABOLISM	KEGG_ARGININE_AND_PROLINE_METABOLISM		40	0.26238942	0.6675046	0.92189103	0.97242796	1.0	4016	tags=25%, list=26%, signal=34%	
KEGG_PYRIMIDINE_METABOLISM	KEGG_PYRIMIDINE_METABOLISM		90	0.24970435	0.6661357	0.961	0.9668528	1.0	4872	tags=30%, list=32%, signal=44%	
KEGG_NITROGEN_METABOLISM	KEGG_NITROGEN_METABOLISM		16	0.25424677	0.5725828	0.93318236	1.0	1.0	1737	tags=13%, list=11%, signal=14%	
KEGG_PARKINSONS_DISEASE	KEGG_PARKINSONS_DISEASE		97	0.19854257	0.5333535	0.994995	1.0	1.0	4040	tags=21%, list=26%, signal=28%	
KEGG_SPLICEOSOME	KEGG_SPLICEOSOME		116	0.19895524	0.5330871	0.996997	1.0	1.0	6022	tags=43%, list=39%, signal=71%	
KEGG_ALANINE_ASPARTATE_AND_GLUTAMATE_METABOLISM	KEGG_ALANINE_ASPARTATE_AND_GLUTAMATE_METABOLISM		26	0.19036321	0.4672005	0.98603654	1.0	1.0	5621	tags=31%, list=37%, signal=49%	
KEGG_PHENYLALANINE_METABOLISM	KEGG_PHENYLALANINE_METABOLISM		16	0.1992499	0.45299765	0.986456	1.0	1.0	5046	tags=25%, list=33%, signal=37%	
KEGG_PROTEASOME	KEGG_PROTEASOME		43	0.16486126	0.42769495	0.99897116	0.9974166	1.0	2830	tags=12%, list=19%, signal=14%	
